{"cameraMode":{"drawMode":0,"name":"Shaded","section":"Shading Mode"},"sceneLighting":true,"audioPlay":false,"sceneViewState":{"m_AlwaysRefresh":false,"showFog":true,"showSkybox":true,"showFlares":true,"showImageEffects":true,"showParticleSystems":true,"showVisualEffectGraphs":true,"m_FxEnabled":true},"in2DMode":false,"pivot":{"x":-42.44869613647461,"y":12.230476379394532,"z":-39.62636947631836},"rotation":{"x":0.4902254641056061,"y":0.07617291063070297,"z":-0.043042682111263278,"w":0.8672263622283936},"size":25.790363311767579,"orthographic":false}