{"cameraMode":{"drawMode":0,"name":"Shaded","section":"Shading Mode"},"sceneLighting":false,"audioPlay":false,"sceneViewState":{"m_AlwaysRefresh":false,"showFog":true,"showSkybox":false,"showFlares":true,"showImageEffects":true,"showParticleSystems":true,"showVisualEffectGraphs":true,"m_FxEnabled":true},"in2DMode":false,"pivot":{"x":0.010000228881835938,"y":4.384999752044678,"z":-0.3031088709831238},"rotation":{"x":0.027273409068584443,"y":0.28966474533081057,"z":-0.008257651701569558,"w":0.9567024111747742},"size":7.747580051422119,"orthographic":false}