{"cameraMode":{"drawMode":0,"name":"Shaded","section":"Shading Mode"},"sceneLighting":false,"audioPlay":false,"sceneViewState":{"m_AlwaysRefresh":false,"showFog":true,"showSkybox":false,"showFlares":true,"showImageEffects":true,"showParticleSystems":true,"showVisualEffectGraphs":true,"m_FxEnabled":true},"in2DMode":false,"pivot":{"x":-0.9199998378753662,"y":1.3397220373153687,"z":-5.669804573059082},"rotation":{"x":0.027273409068584443,"y":0.28966474533081057,"z":-0.008257651701569558,"w":0.9567024111747742},"size":1.9713599681854249,"orthographic":false}