{"cameraMode":{"drawMode":0,"name":"Shaded","section":"Shading Mode"},"sceneLighting":false,"audioPlay":false,"sceneViewState":{"m_AlwaysRefresh":false,"showFog":true,"showSkybox":false,"showFlares":true,"showImageEffects":true,"showParticleSystems":true,"showVisualEffectGraphs":true,"m_FxEnabled":true},"in2DMode":false,"pivot":{"x":-3.8743019104003908e-7,"y":1.4809998273849488,"z":0.28000134229660036},"rotation":{"x":0.023622756823897363,"y":0.17602644860744477,"z":-0.004225414711982012,"w":0.9840918183326721},"size":0.6116161942481995,"orthographic":false}